{
  "Meta": {
    "doc_id": "SCRIPT-c_event-00105",
    "doc_category": "SCRIPT",
    "doc_type": "c_event",
    "doc_name": "최경영의 최강시사",
    "author": "KBS",
    "publisher": "KBS",
    "published_year": "2021",
    "doc_origin": "최강시사",
    "passage_id": "SCRIPT-c_event-00105-00010",
    "passage": "김경래]홍익표 의원님께는 이거 마지막으로 질문하고 다음 이야기로 넘어갈게요. 여론조사가 나왔잖아요. 퍼센티지는 정확히 밝히지 않겠지만 오차범위 내입니다, 일단은. 추미애 장관 사퇴에 대한 국민들의 의견이. 하지만 숫자로 보면 동의가 좀 더 높아요. 사퇴해야 된다는 쪽이 더 높아요. 국민 여론이 상당히 좀 집권여당에게 우호적이지 않다, 이런 생각도 할 수 있을 것 같은데 여론조사에 대해서는 어떻게 평가하십니까?\n홍익표]여론조사 문제는 저희들도 주시를 하고 있습니다. 다만 어쨌든 오차범위 내고요. 도리어 추미애 장관 부분에 대해서 최근에 대정부 질문 과정이라든지 여러 논란이 밝혀지지만 도리어 부정적 의견이 좀 줄어드는 것으로 나타나는 것으로 보고 있어요, 추세 상으로요. 그러니까 국민들께서 이 사안에 대해서 조금 본질을 들여다보고 있는 거죠. 다소 불편한 부분은 분명히 저도 있다고 생각을 합니다, 정치인과 관련돼서. 그러나 그런 부분이 장관 업무를 수행할 수 없을 정도냐에 대해서는 생각을 달리하고 계신 것 같고요. 두 번째는 현재 검찰개혁이 훨씬 중요한데 이 와중에 추미애 장관이 낙마한 것이 검찰개혁에 바람직하느냐? 이런 판단은 국민들도 함께하고 계신 것 같습니다. 한 가지만 더하면 아까 민원실 이야기는 민원실은 그런 전화를 하는 곳인 거고요. 민원실에 전화를 했느냐, 안했느냐도 중요하지만 민원실에 전화를 어떤 내용으로 했느냐죠. 만약에 민원실에 진짜 아들과 관련돼서 청탁을 하려면 민원실에 누가 합니까? 부대장이나 진짜 더 높은 고위직에 있는 사람한테 해야지, 저희들도 구청이나 시청 민원실에 가끔 전화할 때 있어요, 문의하기 위해서. 민원실에 전화한 것 자체를 문제 삼는 것은 저는 적절치 않고 신원식 의원의 그런 방식이 적절치 않은 게 많은 제보가 들어오지만 그 제보에 대해서 사실관계를 크로스 체킹해서 밝히는 게 맞지, 그냥 이런 게 있다는 식으로 해서 그래서 정치공작이라는 일각의 비판이 제기된 겁니다. 그래서 신원식 의원이나 국민의힘에서도 문제 제기 좋습니다만 문제 제기를 좀 더 객관적으로 다듬어서 그냥 폭로성만 하지 말고 어느 정도는 사실관계가 확인된 이후에 공당이 책임 있게 밝혔으면 좋겠습니다."
  },
  "Annotation": {
    "Summary1": "추미애 장관이 사퇴해야 한다는 국민여론이 더 높지만 최근 여러 논란이 밝혀지면서 부정적인 의견이 줄어드는 추세이다.",
    "Summary2": "",
    "Summary3": "추미애 장관에 대해 국민여론은 오차범위 내이지만 사퇴해야 한다는 여론이 더 많다. 그러나 최근 대정부 질문 과정에서 여러 논란이 밝혀지며 부정적인 의견이 다소 줄어드는 추세이다. 추미애 장관의 낙마가 검찰개혁에 어떤 영향을 끼칠 것인지는 국민들도 함께 판단하고 있는 사안이다. 또한 아들 청탁 관련 문제에 대해 관련 고위직이 아닌 민원실에 전화한 것 자체를 문제 삼는 것은 사실관계가 확인되지 않은 무책임한 정치 공작이다."
  },
  "filename": "SCRIPT-c_event-00105-00010.json"
}