{
  "Meta": {
    "doc_id": "SCRIPT-c_event-00395",
    "doc_category": "SCRIPT",
    "doc_type": "c_event",
    "doc_name": "최경영의 최강시사",
    "author": "KBS",
    "publisher": "KBS",
    "published_year": "2021",
    "doc_origin": "김경래의 최강시사",
    "passage_id": "SCRIPT-c_event-00395-00004",
    "passage": "박지원]지금 현재 한미 워킹그룹 같은 것에서 서로 협의를 해서 인도적 차원에서의 대북 지원은 미국에서도 가능하다는 그러한 의사를 가지고 있고 실제로 진척시키고 있지 않습니까? 그렇기 때문에 문재인 대통령으로서는 물론 비핵화를 위한 트럼프 또 UN 안보리체제를 지지하지만 어느 정도 탄력성을 가지고 제재 완화의 길로 갈 수 있도록 김정은 위원장과도 대화를 하고 특히 미국 트럼프 대통령과 그러한 조치가 될 수 있도록 하는 길이 최선의 방법이죠. 그렇기 때문에 저는 문재인 대통령도 북미 정상회담 전에 남북 정상회담을 통해서 개성공단이나 금강산 관광 재개를 트럼프 대통령이 할 수 있도록 설득하는 그런 일을 하는 것이 제일 중요하다, 이렇게 생각합니다.\n김경래]남북 정상회담이 북미 정상회담 전에 열리는 게 더 적절하다, 이렇게 보시는 거네요?\n박지원]저는 그러한 것이 순서다. 그리고 그러한 것을 위해서도 김정은 위원장의 답방이 이루어져야 된다, 이렇게 생각합니다.\n김경래]국내 정치 상황도 좀 여쭤볼게요. 한 내일쯤에 청와대 비서실장 그리고 수석들 몇 명 교체한다는 얘기가 나오고 있습니다. 이번 청와대 개편의 의미를 뭐라고 보십니까?\n박지원]저는 집권 2년 차를 맞으면 여러 가지 문제점이 부각됩니다. 이번에도 사실 6급 행정관이 또는 기재부 전 사무관이 지금 현재 굉장히 국정 혼란을 가지고 오게... 물론 대응을 잘했느냐 못했느냐, 그것이 사실이냐 사실이 아니냐를 떠나서 국정 혼란이 왔거든요. 그리고 경제 문제나 여러 가지 문제가 있기 때문에 저는 집권 3년 차를 준비하기 위해서는 대대적인 감동적인 인적 개편을 통해서 정책 전환이 이루어져야 된다고 주장을 했습니다. 이번에 문재인 대통령께서 그런 의미에서 청와대도 개편하고 곧 이어서 내각도 감동적인 대대적인 개편으로 이어진다고 하면 그러한 정치적 국면 전환도 되지만 최저임금, 노동시간 단축, 탈원전 등 우리가 찬성을 하면서도 속도 조절의 필요성이 있는 부분에 대해서 정책 전환도 검토할 수 있다. 저는 그래서 청와대의 개편과 곧 이어질 내각의 개편도 대대적으로 이루어져야 된다는 것을 거듭 주장합니다."
  },
  "Annotation": {
    "Summary1": "문재인 대통령은 미국과의 대화를 통해 제제를 완화시키는 것이 방법일 수 있고 청와대는 대대적인 인적 개편을 해야 한다.",
    "Summary2": "",
    "Summary3": "문재인 대통령은 북한의 비핵화와 UN 안보리 체제를 지지하면서도 미국 트럼프 대통령과의 대화를 통해 제제 완화의 길로 가는 것이 최선의 방법일 수 있다. 그리고 북미 정상회담 전에 김정은 위원장의 답방 등 남북 정상회담이 먼저 열리는 것이 적절하다고 보인다. 한편, 집권 3년 차를 준비하기 위해 청와대가 대대적인 인적 개편을 한다면 정치적 국면의 전환과 함께 최저임금 등의 정책 전환도 검토할 수 있다."
  },
  "filename": "SCRIPT-c_event-00395-00004.json"
}