{
  "Meta": {
    "doc_id": "SCRIPT-c_event-00298",
    "doc_category": "SCRIPT",
    "doc_type": "c_event",
    "doc_name": "최경영의 최강시사",
    "author": "KBS",
    "publisher": "KBS",
    "published_year": "2021",
    "doc_origin": "김경래의 최강시사",
    "passage_id": "SCRIPT-c_event-00298-00004",
    "passage": "김경래]여러 가지 정책들이 나올 때마다 우리 쪽에서도 많이 논란이 있었습니다. 있었는데, 어쨌든 호사카 유지 교수님이 보기에는 복기를 해보면 상당히 적절한 대응이었다는 거네요, 성공적인 대응이었다고 일단 평가할 수 있다고 지금 보시고.\n호사카유지]예, 저는 전체적으로 보면 아무래도 일본 쪽의 대응에 그냥 외교로만 약하게 대응한다면 계속 말려들어가고요. 특히 일본 정부의 성격이 극우파이기 때문에 자신들의 주장을 굽히지 않는 굉장히 강경파들이죠. 거기에 또 일본은 강한 상대에게는 약하고 약한 상대에게는 아주 강하게 구는 그 성격은 역사적으로 확인되어 있기 때문에 이번에 한국이 굉장히 강하다는 인상을 주었기 때문에 이제 물러나야하면서도 일본 국민들의 지지를 잃지 않는 선에서 물러나는 그러한 출구전략으로 지금 일본은 고민하고 있는 것입니다.\n김경래]아니, 호사카 유지 교수님 말씀을 들어보면 저희 입장에서는 시원시원하고 좋은데 그런데 일본의 아시는 분들이 뭐라고 할까요? 욕하거나 그러지 않으십니까? 왜 그러느냐, 한국에서? 약간 갑자기 그런 걱정이 잠깐 들었어요.\n호사카유지]그런데 일단 제가 아는 사람들은 특히 일본의 첫 번째 시작이 강제징용제 판결 문제라는 것은 일단 외교적으로 풀어야 되는 문제인데도 불구하고 그것을 경제적인 보복성 공격으로 나왔다는 것을 알고 있는 사람들은 일본이 문제가 있다, 그렇게 인식을 하고 있습니다. 그런데 대부분의 일본분들은 관심 없습니다. 정치적인 관심이 너무 없는 분들이 많은 게 일본이기 때문에요, 그런 상황입니다."
  },
  "Annotation": {
    "Summary1": "일본 정부의 성격이 극우파이고 강경파이기 때문에 일본 국민의 지지를 잃지 않고 물러나는 출구전략을 고민하고 있다.",
    "Summary2": "",
    "Summary3": "일본 정부의 성격이 극우파이며 강경파들이기 때문에 한국이 굉장히 강하다는 인상을 주어서 물러나야 하는데도 일본 국민들의 지지를 잃지 않는 선에서 물러나는 출구전략을 고민하고 있는 것이다. 강제징용제 판결 문제에 대해 경제적인 보복성 공격을 한 일본이 문제라고 인식하는 일본인도 있다."
  },
  "filename": "SCRIPT-c_event-00298-00004.json"
}