{
  "Meta": {
    "doc_id": "SCRIPT-c_event-00060",
    "doc_category": "SCRIPT",
    "doc_type": "c_event",
    "doc_name": "최경영의 최강시사",
    "author": "KBS",
    "publisher": "KBS",
    "published_year": "2021",
    "doc_origin": "최강시사",
    "passage_id": "SCRIPT-c_event-00060-00001",
    "passage": "김경래]총선 격전지를 가다, 오늘은 PK 부산으로 가보겠습니다. 지난주에 더불어민주당 김영춘 후보 인터뷰를 했죠. 같은 부산 진갑 후보입니다. 미래통합당 서병수 후보 만나보겠습니다. 격전지 중에 최대 격전지 중에 하나입니다. 안녕하세요? \n서병수]안녕하세요? 반갑습니다. \n김경래]부산 선거대책위원장이시기도 하잖아요. \n서병수]네, 그렇습니다. \n김경래]아, 이이야기부터 여쭤보고 가야겠네요. 부산이 코로나19 상대적으로는 뭐라고 할까요? 확진자라든가 사망자라든가 좀 적은 편이죠? 어떻습니까, 지금 상황이? \n서병수]네, 비교적 부산은 전국적으로도 그렇습니다만 방역대책 잘 마련이 되고 있습니다. 저희 부산에서는 사실 두 분이 사망을 하시고요. 안정적으로 관리가 되고 있다고 생각을 합니다. 그러나 이런 것들이 저희들이 사스나 메르스 사태를 겪으면서 의료진도 잘 훈련이 되어 있고 또 기술도 발전을 했고 또 그 과정에서 감염병과 관련된 매뉴얼이 잘 정비되어 있지 않겠습니까? 그래서 발생 초기에 중국으로부터 입국만 제대로 통제했다면 지금과 같은 그런 비극 겪지는 않았을 것이라고 생각합니다. 그게 부산 시민들이 상당히 화가 나는 점이라고 생각을 합니다. \n김경래]그 부분은 좀 논란이 있잖아요. 얼마 전에 캐나다 총리가 대통령에게 전화를 해서 중국 입국 막지 않은 건 참 잘한 일이다, 이런 이야기도 했고 이게 논란이 좀 있는 부분인 것 같아요."
  },
  "Annotation": {
    "Summary1": "부산은 앞서 겪었던 전염병의 선례들로부터 배운 노하우로 코로나19에 대한 방역 대책을 잘 수행하고 있다.",
    "Summary2": "",
    "Summary3": "부산은 코로나19로 사망한 두 명의 사례들에서 배운 노하우로 코로나19에 대한 방역 대책을 잘 수행하고 있다. 발생 초기 중국의 입국 통제 실패와 관련하여 시민들은 못마땅해 하고 있으나, 캐나다 총리는 대통령에게 중국 입국 통제에 대해 다른 견해가 있어 논란이 일기도 했다."
  },
  "filename": "SCRIPT-c_event-00060-00001.json"
}