{
  "Meta": {
    "doc_id": "SCRIPT-c_event-00409",
    "doc_category": "SCRIPT",
    "doc_type": "c_event",
    "doc_name": "최경영의 최강시사",
    "author": "KBS",
    "publisher": "KBS",
    "published_year": "2021",
    "doc_origin": "최강시사",
    "passage_id": "SCRIPT-c_event-00409-00001",
    "passage": "최경영]다음 주 18 일과 20일 이른바 대장동 정국 돌파 여부를 판가름할 분수령이 될 경기도 국감이 있습니다. 국감 출석으로 정면돌파를 선언한 이재명 경기도지사도 모든 일정을 비우고 국감 준비에 매진할 계획이다. 이렇게 되어 있네요. 더불어 민주당 김병욱 의원 전화 연결되어 있습니다. 안녕하세요?\n김병욱]안녕하세요? 김병욱입니다.\n최경영]이재명 캠프 대장동 의혹 TF 단장. 그리고 국민의힘 토건비리 TF 단장 이 타이틀이 상징하는 게 있습니다.\n김병욱]이재명 캠프는 이제 해산을 했고요. 더불어 민주당에서 TF팀을 만들었는데 그 이름 국민의힘 토건비리 TF로 명명을 했습니다. 좀 길어서 전달력이 얼마나 있을지 모르겠는데요. 이번 화천대유 게이트의 본질은 국민의힘 세력과 그리고 토건비리 세력 그리고 일부 법조계의 삼각 카르텔이 빚어낸 민간의 이익의 확대 과정이다. 그 과정에 이재명 당시 성남시장이 공영개발을 통해서 이익의 50% 이상을 시민에게 돌려주려고 노력했던 모범 사례다. 그게 저희 TF의 목적입니다.\n최경영]그 TF와 관련해서 그리고 국감과 관련해서 좀 이따 여쭤보기로 하고요. 지금 당장 경선이 끝났는데 원팀 선대위 구성과 관련해서는 어떻게 진행되는지도 지금 궁금하거든요.\n김병욱]뭐 당내 경선이라는 게 경선을 하다 보면 중간중간에 뭐 네거티브도 일부 있을 수 있고 서로 오해도 있을 수 있고 약간의 감정의 개입이 있을 수 있지 않습니까? 하지만 저희가 내년 3월 반드시 정권 재창출을 해야 하기 때문에 드림팀 구성을 잘해나가리라고 봅니다. 어제 이낙연 캠프에서 해단식도 했고 또 이낙연 전 후보님께서도 직접 다녀가시지 않았습니까? 그리고 저희가 이제 아까 방금 말씀하신 대로 다음 주 월요일, 수요를 또 우리 더불어 민주당 후보인 이재명 후보의 국정감사가 또 놓여 있습니다. 그래서 아무래도 국정감사를 마치고 본격적으로 우리가 선대위 구성을 성과를 내는 그런 스케줄로 가는 게 합리적이지 않을까 그런 생각을 하고 있습니다."
  },
  "Annotation": {
    "Summary1": "화천대유 게이트의 본질은 삼각 카르텔이 빚어낸 민간 이익의 확대 과정이다.",
    "Summary2": "",
    "Summary3": "다음 주 18,20일 대장동 정국 돌파 여부를 판가름할 경기도 국감이 있다. 더불어 민주당 김병욱 의원은 국민의 힘 토건비리 TF 단장 타이틀이 상징하는 바에 대해 '화천대유 게이트의 본질은 국민의힘 세력과 토건비리 세력, 일부 법조계의 삼각 카르텔이 빚어낸 민간의 이익의 확대 과정이며 이재명 성남시장이 공영개발을 통해 이익을 시민에게 돌려주려했던 모범 사례' 라 밝혔다."
  },
  "filename": "SCRIPT-c_event-00409-00001.json"
}