{
  "Meta": {
    "doc_id": "SCRIPT-c_event-00244",
    "doc_category": "SCRIPT",
    "doc_type": "c_event",
    "doc_name": "최경영의 최강시사",
    "author": "KBS",
    "publisher": "KBS",
    "published_year": "2021",
    "doc_origin": "김경래의 최강시사",
    "passage_id": "SCRIPT-c_event-00244-00009",
    "passage": "한일영]내 사건랑 똑같은 사건인데 그 사람은 10개월 받았고 저는 1년 받았는데 똑같은 사건이거든요. 같이 근로봉사해서 넘어와서 도망간 사건이고 저 역시도 도망간 사건이고.\n김경래]선생님은 지금 그거를 재심 신청하셔서 판결을 기다리고 있는 상황인 거죠?\n한일영]1년 됐어요. 재심 아직 받아들이지는 않았는데 똑같은 사건이니까 받아들여주기는 하겠죠?\n김경래]그거를 기대하고 지금 기다리고 계시는 거고요.\n한일영]그렇죠.\n김경래]그러면 그 이후에 국가에서 어떤 보상을 해준다거나 사과를 한다거나 이런 어떤 과정은 있었습니까?\n한일영]일부분 죽은 사람들, 사망한 사람들하고 장애를 입고 그래서 그게 진단 나온 사람들에 한해서 풍족한 건 아니라도 배상 차원이 아니라 그냥 보상 차원에서.\n김경래]선생님 같은 경우는요?\n한일영]저 같은 건 없죠.\n김경래]없어요?\n한일영]그러니까 조금 아까 두 부류 외에는 없어요.\n김경래]아니, 그런데 사실 그때 어릴 때 선감학원 그리고 20대 때 삼청교육대, 또 징역살이를 그거 때문에 하게 되셨잖아요. 그 뒤에 그냥 생각을 해도 정상적으로 아주 좀 뭐랄까요. 사회생활을 하거나 직장생활하시기 힘드셨을 것 같아요.\n한일영]힘들었죠, 직장생활이라는 걸 하고 싶어도 못했고. 왜냐하면 10대 때는 배운 게 국가에서 차단을 하는 바람에 못 배워서 그랬죠. 20대 때는 삼청교육을 해서 징역 살고 나오고 난 다음에 기술이라도 배워서 살아야 할 거 아닙니까? 기술이라도 배우려고 조그마한 공장에 들어가고 그러면 삼청교육 갔다가 나온 놈이라고 사장들한테 이야기를 하고. 지금이야 노동법 때문에 자를 수는 없겠지만 그 당시에 이야기하면 나가라고 그러면 나갈 수밖에 없는 형편이었거든요."
  },
  "Annotation": {
    "Summary1": "재심 판결 결과에 국가가 보상하는 경우는 사망자, 장애 진단을 받는 자들에 한해 보상 차원에서만 가능하다.",
    "Summary2": "",
    "Summary3": "재심 판결 결과에 국가가 보상하는 경우는 사망자, 장애 진단을 받는 자들에 한해 보상 차원에서 이루어진다. 선감학원, 삼청교육대에서 징역살이를 한 경우, 출소 후에 기술이라도 배우려고 하면 삼청교육대에 갔다 온 사람이라며 차별을 받았다. 지금은 노동법 때문에 자를 수 없지만 그 당시에는 사장이 나가라고 하면 나갈 수밖에 없었다."
  },
  "filename": "SCRIPT-c_event-00244-00009.json"
}