{
  "Meta": {
    "doc_id": "SCRIPT-c_event-00378",
    "doc_category": "SCRIPT",
    "doc_type": "c_event",
    "doc_name": "최경영의 최강시사",
    "author": "KBS",
    "publisher": "KBS",
    "published_year": "2021",
    "doc_origin": "김경래의 최강시사",
    "passage_id": "SCRIPT-c_event-00378-00007",
    "passage": "김경래]그러겠네요. 그런데 지금 미국하고 중국 G2라고 얘기하잖아요. 세계 초강대국 두 나라인데 그 두 나라의 패권 싸움이 아니냐, 결국은. 그리고 장기적으로 보면 이게 비관적으로 보시는 분들은 둘 중에 하나가 어떻게 될 때까지 끝까지 가는 것 아니냐? 예정된 전쟁이다. 이런 얘기도 있고요. 어떻게 보세요, 교수님은 장기적인 전망을 하신다면?\n정인교]다수 학자들은 지금 미중 간 무역 갈등은 글로벌 패권을 두고 벌이는 전쟁이다. 그런 측면에서 과거 학술적으로는 투키디데스 함정이라고도 얘기를 합니다만 한쪽이 완전히 무릎을 꿇을 때까지 끝까지 갈 것이라는 전망들이 대부분 지금 하고 있는 그런 얘기들 같고요. 여기에서 지금 근본적인 문제를 계속 미국이 제기를 하고 있고 미국은 이거를 분명히 지금 장기전으로 여기도 보고 있는 것 같습니다. 그리고 미국만이 중국의 문제를 제기할 것이 아니라 전 세계가 중국의 어떤 비시장 경제 부분에 대해서 연대를 해서 중국을 압박하자는 전략으로 바꿔나가는 얘기입니다, 다시. 지금 캐나다, 멕시코와 협상을 해서 타결한 USMCA 협정에도 보면 비시장 경제 국가와는 무역 협정도 맺지 말라고 이렇게 되어 있고 그래서 말씀하신 것처럼 패권경쟁이기 때문에 장기화될 수밖에 없고 상당히 세계 경제 질서가 미중 통상 무역전쟁 결과로 해서 바뀔 가능성도 높다고 이렇게 생각이 됩니다."
  },
  "Annotation": {
    "Summary1": "미중 간 무역 갈등은 글로벌 패권 전쟁으로 미국 이외 세계가 비시장적인 중국과 무역협정을 기피하여 장기화될 전망이다.",
    "Summary2": "",
    "Summary3": "초강대국 미중 G2간 무역 갈등은 글로벌 패권 전쟁이다. 한쪽이 항복할 때까지 갈 것이라는 전망도 있다. 미국 이외 캐나다 멕시코 등 전 세계가 비시장적인 중국과 무역 협정을 기피하고 있어 무역 갈등은 장기화될 것 같다. 세계 경제 질서도 이 영향으로 바뀔 가능성이 높다."
  },
  "filename": "SCRIPT-c_event-00378-00007.json"
}