{
  "Meta": {
    "doc_id": "SCRIPT-c_event-00408",
    "doc_category": "SCRIPT",
    "doc_type": "c_event",
    "doc_name": "최경영의 최강시사",
    "author": "KBS",
    "publisher": "KBS",
    "published_year": "2021",
    "doc_origin": "최강시사",
    "passage_id": "SCRIPT-c_event-00408-00004",
    "passage": "최경영]신노동법과 주4일제. 국민들의 고심이 크다고 말씀하셨는데 민주당 같은 경우는 이재명 후보가 확정이 됐고요. 그 다음에 이제 국민의힘 같은 경우는 홍준표, 윤석열이 아주 1, 2위를 다투고 있습니다. 국민들의 고심이 뭐라고 생각하세요? 여당과 야당.\n심상정]그러니까 지금 대선에서만큼이라도 국민들이 대접을 받아야 하거든요. 지금 국민의 삶이 현실이 어떻고 어떤 대안을 가지고 정말 더 나은 삶을 기약할 수 있을까. 이 토론을 지켜보시면서 뜨거운 행복한 선택을 하실 수 있어야 하는데 지금 대선판은 완전히 화천대유와 고발사주가 드글거리고 있지 않습니까?\n최경영]그렇죠.\n심상정]저는 이 두 정당 중에 어떤 후보가 대통령이 되시더라도 우리 국민들은 5년 내내 이 모습만 보시게 될 거라고 저는 확신합니다. 그렇기 때문에 아까도 말씀 드린 것처럼 발상의 전환을 하셔야 한다. 이제는 양당 후보 중에 누가 차악인가를 고르는 선택은 이제 정치퇴행입니다. 이것이 바로 이런 정치퇴행이 우리 사회를 오랫동안 과거에 묶어두고 있다. 이제는 과감하게 과거와 단절하고 미래로 나가셔야 한다. 기득권과 시민의 대결에서 반드시 시민이 이길 수 있도록 저 심상정을 도구로 써주십사 말씀드립니다.\n최경영]이 화천대유와 고발사주가 지금 핵심이기는 한데 이걸 그러면 어떻게 풀어야 할까요? 한 쪽에서는 검찰 계속 경찰 수사하는 수밖에 없다. 한 쪽에서는 특검 하자 뭐 이렇게 이야기를 하고 있는데. 심상정 의원님은 어떻게 생각하십니까?"
  },
  "Annotation": {
    "Summary1": "심상정 의원은 대선을 앞둔 토론에서 민생 문제보다 화천대유와 고발사주 논쟁만 있다며 발상을 전환해야 한다고 말했다.",
    "Summary2": "",
    "Summary3": "심상정 의원은 대선을 앞두고 토론에서 국민의 삶과 현실의 문제와 그에 관한 대안들이 논의되기보다 화천대유와 고발사주를 둘러싼 논쟁만 지속되고 주장했다. 그는 두 정당의 후보 중에서 대통령을 선택하면 정치 퇴행으로 미래로 나갈 수 없다면서 발상을 전환해야 한다고 말했다."
  },
  "filename": "SCRIPT-c_event-00408-00004.json"
}