{
  "Meta": {
    "doc_id": "SCRIPT-c_event-00274",
    "doc_category": "SCRIPT",
    "doc_type": "c_event",
    "doc_name": "최경영의 최강시사",
    "author": "KBS",
    "publisher": "KBS",
    "published_year": "2021",
    "doc_origin": "김경래의 최강시사",
    "passage_id": "SCRIPT-c_event-00274-00002",
    "passage": "최광희]그렇게 생각할 수도 있겠죠. 그런데 아무튼 ‘의리적 구토’라는 영화가 단성사에서 최초로 상영이 됐는데, 그게 사실은 지금 생각하는 장편 극영화 이런 것이 아니라 풍경을 담아서 뒤에다 배경으로 틀어준 활동사진이에요. 보통 일반적으로 연쇄극이라고 부르는데, 연극과 연극 사이에 보여주는. 그래서 ‘의리적 구토’를 최초의 한국 영화로 봅니다. 그런데 이것을 한국 영화로 보는 이유는 이전에도 물론 식민지 조선에서 영화가 안 만들어진 건 아니에요. 만들어졌는데, 다 일본인들이 만들었어요. 한국에 들어와 있는 일본인들이. 그런데 ‘의리적 구토’는 김도산이라는 감독이 주연도 하고 또 연출도 하고 또 제작도 하고 그래서 한국인 스태프 그러니까 정확히 말하면 조선인 스태프와 배우들로만 구성된 그런 영화라서 최초의 한국 영화라고 평가를 하는 거죠.\n김경래]그게 정확히 100년 전 10월 27일에 단성사에서 상영이 됐다, 그런 거네요.\n최광희]그리고 일제강점기 때 많이들 들어보셨겠습니다만 나운규.\n김경래]아리랑?\n최광희]예, ‘아리랑’이라는 영화가 1920년대에 나와서 소위 말하는 민족 영화의 시초로 봅니다. 그래서 나운규라는 감독도 아주 중요한 영화인으로 평가를 받고 있고요. 재미있는 것은 일제강점기 말에 태평양전쟁이 일어나면서 많은 조선인 감독들이 소위 말하는 어용영화에 동원됐습니다."
  },
  "Annotation": {
    "Summary1": "100년 전 단성사에서 상영된 '의리적 구토’는 연쇄극으로 조선인 스태프와 배우들로 구성된 최초의 한국 영화이다.",
    "Summary2": "",
    "Summary3": "단성사에서 최초 상영된 영화 '의리적 구토’는 풍경을 담아 배경으로 틀어준 활동사진으로 연극과 연극 사이에 보여주는 연쇄극이다. 이것은 조선인 스태프와 배우들로만 구성되어 만들어졌기 때문에 최초의 한국 영화로 평가된다. '의리적 구토’는 100년 전 상영됐다."
  },
  "filename": "SCRIPT-c_event-00274-00002.json"
}