{
  "Meta": {
    "doc_id": "SCRIPT-c_event-00216",
    "doc_category": "SCRIPT",
    "doc_type": "c_event",
    "doc_name": "최경영의 최강시사",
    "author": "KBS",
    "publisher": "KBS",
    "published_year": "2021",
    "doc_origin": "김경래의 최강시사",
    "passage_id": "SCRIPT-c_event-00216-00003",
    "passage": "김기식]국민과의 대화에서 대통령의 부동산 관련 발언은 제가 보기에는 한마디로 이야기하면 시장에 어떤 메시지를 주려고 했던 것 같습니다. 일각에서는 대통령이 현실도 모르고 현실과 동떨어진 이야기한다고 하는데 대통령이 일반 기자들이나 일반인들이 볼 수 있는 부동산 시장의 통계표를 안 보시겠습니까? 당연히 봤을 텐데 물론 전국적으로 보면 집값이 안 오른 건 맞습니다. 왜냐하면 지금 집값 상승이라고 하는 게 주로 서울에서 이루어지고 있는 거고 특히 강남에서 많이 이루어지고 있는 거고 이번에 규제가 풀리면서 부산하고 고양시 일부에서 집값이 꿈틀거리지만 전반적으로는 서울만 집값이 좀 계속 오르고 지방 같은 경우 오히려 아파트 미분양이 계속 쌓일 정도로 부동산 시장이 상당히 오히려 침체됐다 이런 소리가 나올 정도니까 전국적 통계를 봤을 때 대통령의 말씀이 전혀 틀렸다고 이야기할 수는 없는데 그러나 보통 부동산 이야기를 할 때는 우리가 서울 집값을 주로 이야기하니까 괴리가 떨어져 있다고 하는데 대통령의 주된 메시지는 아무리 흔들어도 내가 흔들리지 않는다. 집권 끝까지 내가 부동산에 대해서 경제 부양 수단으로 쓰지 않고 부동산 잡는 정책은 일관되게 가겠다고 우리 정부의 정책 의지를 의심하지 마라라고 하는 그런 시장에 보내는 사인 아니었나 저는 그렇게 봅니다."
  },
  "Annotation": {
    "Summary1": "강남, 부산, 고양 집값이 꿈틀거렸지만 대통령은 국민과의 대화에서 부동산 잡는 정책을 일관되게 추진하겠다 했다.",
    "Summary2": "",
    "Summary3": "국민과의 대화에서 대통령은 집권 끝까지 부동산 잡는 정책은 일관되게 가겠다는 메시지를 주었다. 전국적으로 집값은 안 올랐지만 서울 특히 강남과 부산, 고양에서 집값이 꿈틀거리고 있다. 특히 지방은 오히려 미분양이 쌓일 정도로 부동산 시장이 침체됐다."
  },
  "filename": "SCRIPT-c_event-00216-00003.json"
}