{
  "Meta": {
    "doc_id": "SCRIPT-c_event-00061",
    "doc_category": "SCRIPT",
    "doc_type": "c_event",
    "doc_name": "최경영의 최강시사",
    "author": "KBS",
    "publisher": "KBS",
    "published_year": "2021",
    "doc_origin": "최강시사",
    "passage_id": "SCRIPT-c_event-00061-00004",
    "passage": "김경래]그런데 지금 열린민주당, 이건 최강욱 후보 개인의 문제는 아니고 당의 문제인데 지금 더불어민주당에서 열린민주당에 대해서 각을 세우고 있어요. 이해찬 대표 같은 경우에는 ‘참칭하지 말아라. 그리고 문재인 정부 쉽게 말하면 이름 팔지 말아라.’ 이런 식으로 이야기한다는 말이에요. 열린민주당의 남자 1위 후보로서 어떻게 생각하십니까? \n최강욱]더불어 민주당 대표께서 그렇게 말씀하실 수 있는, 그것도 선거 국면에서 충분히 이해가 갑니다. 왜 그러셨는지는 이해가 가는데 표현은 좀 과하셨던 것 같아요. 참칭은 아니잖아요. 그리고 제가 열린민주당에 있고 또 김의겸 전 대변인이 있고 그런 것들이 아무래도 신경이 쓰이셨던 모양인데 그렇다고 해서 저희가 그것을 소위 참칭하고 다닌다거나, 참칭이라는 것은 가짜가 진짜인 것처럼 행세하는 게 참칭이잖아요. 그런데 그런 것이라기보다는 유권자들이 저희들을 바라보면서 느끼시는 지점들이 있었고 그것을 가지고 민주당에서 조금 선거전략상 민주당 입장에서는 불편하게 생각하셨을지 모르겠는데, 결국은 정리될 이야기라고 생각합니다. \n김경래]선거 끝나고 나서 합치는 건가요? 이건 정리 아직 안됐죠? 어떻게 보세요? \n최강욱]지금 정치 상황이라는 게 늘 변할 수 있는 거고요. 그때그때마다 어떤 정치적인 전략이라는 게 필요하다고 하시더라고요. 그러니까 이게 완전히 무슨 적이 되어서 따로 갈 수 있는 그런 상황은 아니라는 것 다들 아시잖아요. 지향하는 바가 크게 다르지도 않고. 그런데 각자의 장에서 지금 예를 들어서 열린민주당이 나쁘게 보시는 분들은 민주당의 지지율을 깎아 먹는다, 이렇게 이야기하시는 분들도 계시던데, 사실은 크게 보면 진보개혁 진영의 지평을 넓히고 있는 측면이 분명히 있거든요. 그러면 그 넓히는 게 선거 이후에도 충분히 넓히는 장에서 역할을 할 수 있다면 그것도 필요할 것 같고 그런데 그렇게 되지 않을 수 있는 측면들도 있잖아요, 선거 결과에 따라서는. 그러면 당연히 통합을 해서 한 길을 가야 될 일이 있을 거고 그것은 지금 예단할 일은 아닌 것 같고 하지만 완전히 갈라져서 적이 된 일은 절대 없을 것이다. 그 정도는 확실히 말씀 드릴 수 있을 것 같습니다."
  },
  "Annotation": {
    "Summary1": "열린민주당이 더불어민주당 지지율을 낮춘다고 생각할 수 있지만 진보개혁진영 지평을 넓혀 선거 이후 통합할 수도 있다.",
    "Summary2": "",
    "Summary3": "더물어민주당 이해찬 대표가 열린민주당에 관해 문재인 정부를 참칭하지 말라고 발언한 것을 보면 선거 국면에서 충분히 이해가 가지만 표현이 과한 측면이 있다. 더불어민주당 입장에서 불편했을지 모르나 결국 정리될 것이다. 또한 열린민주당이 더불어민주당의 지지율을 낮춘다고 생각하는 견해에 관해서는 넓게 보면 진보개혁진영의 지평을 넓히는 측면이 있고 선거 이후 통합하여 같은 길을 갈 수도 있을 것이다."
  },
  "filename": "SCRIPT-c_event-00061-00004.json"
}