{
  "Meta": {
    "doc_id": "SCRIPT-c_event-00175",
    "doc_category": "SCRIPT",
    "doc_type": "c_event",
    "doc_name": "최경영의 최강시사",
    "author": "KBS",
    "publisher": "KBS",
    "published_year": "2021",
    "doc_origin": "최강시사",
    "passage_id": "SCRIPT-c_event-00175-00012",
    "passage": "김경래]알겠습니다. 시간이 많지 않아서 한 번씩만 더 들어보고 마무리할게요. 야당이 정강정책 같은 경우 만들어가는 과정이잖아요. 안은 나와 있고. 그런데 좋은 이야기는 다 들어가 있어요. 그런데 야당이 진짜 이거 할 수 있는 거냐? 아주 간단하게는 4선 연임 금지, 이게 현실적으로 진짜 가능한거냐부터 시작해서 경제 민주화 옛날에 실컷 이야기해놓고 쑥 들어가지 않았느냐? 이번에 마찬가지 기본소득? 이거 진짜 의지가 있는 거냐? 이런 의심들, 어떻게 생각하세요?\n이준석]그러니까 저는 민주당이 보궐에 후보 안 내겠다, 이런 당헌 넣어서 논란됐던 것처럼 그런 무리한 건 넣으면 안되겠죠. 그런데 제가 봤을 때 지금 4선 연임 금지가 동일 지역구에서 얘기하는 것이거든요. 저는 이 정도는 지금까지도 충분히 정치적으로도 시도하고 있었다, 보통 예를 들어 대구에서 3선 하는 의원들 같은 경우에 4선 공천받기 쉽지 않거든요. 유일한 예외라고 생각하는 분은 주호영 원내대표 정도일 텐데, 주호영 원내대표는 또 공교롭게도 중간에 무소속이 있었어요, 공천을 못받은 적들이 있었거든요. 그러다 보니까 거기에도 위배되는 건 아니고 그렇기 때문에 이미 이건 일반론적으로 적용되고 있던 원칙이었다. 그래서 이것을 명문화하는 것 자체가."
  },
  "Annotation": {
    "Summary1": "의지가 있는지에 대한 의심이 있는 4선 연임 금지는 이미 지금까지 적용되고 있던 원칙을 명문화하는 것이라 생각한다.",
    "Summary2": "",
    "Summary3": "야당이 4선 연임 금지, 기본 소득 등의 안들로 만들고 있는 정강정책에 진짜 의지가 있는지 의심스럽다. 4선 연임 금지는 동일 지역구에서 이야기하는 것이고 이미 지금까지 적용되고 있던 원칙이기 때문에 명문화하는 것이라 생각한다."
  },
  "filename": "SCRIPT-c_event-00175-00012.json"
}