{
  "Meta": {
    "doc_id": "SCRIPT-c_event-00174",
    "doc_category": "SCRIPT",
    "doc_type": "c_event",
    "doc_name": "최경영의 최강시사",
    "author": "KBS",
    "publisher": "KBS",
    "published_year": "2021",
    "doc_origin": "최강시사",
    "passage_id": "SCRIPT-c_event-00174-00001",
    "passage": "김경래]코로나 상황이 심상치 않습니다. 요즘 지난 사흘간 신규 확진자가 500명이 넘게 나왔다고 하고요. 서울, 경기 지역, 부산 지역 다 사회적 거리 두기가 2단계가 됐습니다. 지금 상황을 이재갑 한림대 강남성심병원 감염내과 교수님과 이야기 좀 나눠보겠습니다. 이재갑 교수님, 안녕하세요?\n이재갑]안녕하세요?\n김경래]지금이 지난 2월에 대구 경북 신천지 사태라고 보통 이야기하는 그때보다 더 위험하다. 이건 좀 과장된 말인가요? 왜 그렇게 판단하는 거예요, 그거는?\n이재갑]일단 여러 가지 요인들은 있는데요. 일단은 지금 한 교회에서 주로 많이 발생하긴 했지만 지금 여러 교회도 동시에 했던 측면도 있고 또 일상생활과 관련되어 있는 시설에서도 여러 군데 발생을 했거든요. 카페라든지 식당 같은 데서 발생했었고 또한 최근에 발병 환자들이 교회랑 관련되다 보니까 고령 환자들이 많거든요. 그러니까 신천지 때는 주로 20대 감염들이 많아서 사망률이 높을 상황은 아닌데 지금 3분의 1 정도가 60대 고령이어서 일단은 이런 치명률이 높아질 수 있는 그런 상황들이어서 의료 체계에 상당한 부담을 줄 수 있는 그런 상황이고 환자의 치료에 좀 더 전념해야 될 상황이라 그런 여러 가지 복합적인 요소들 때문에 위험하다고 이야기를 하고 있습니다."
  },
  "Annotation": {
    "Summary1": "지금 코로나가 일상생활 관련 시설과 고령 환자을 중심으로 발생해서 대구 신천지 사태보다 더 위험하다고 판단된다.",
    "Summary2": "",
    "Summary3": "코로나 확진자가 500명 이상 발생하고 서울 등이 사회적 거리 2단계가 됐다. 코로나가 일상생활 관련 시설에서 발생하고 고령 환자가 많이 발생해서 치명률이 높아질 수 있는 상황이다. 이러한 문제 때문에 대구 신천지 사태보다 지금이 더 위험하다."
  },
  "filename": "SCRIPT-c_event-00174-00001.json"
}