{
  "Meta": {
    "doc_id": "SCRIPT-c_event-00105",
    "doc_category": "SCRIPT",
    "doc_type": "c_event",
    "doc_name": "최경영의 최강시사",
    "author": "KBS",
    "publisher": "KBS",
    "published_year": "2021",
    "doc_origin": "최강시사",
    "passage_id": "SCRIPT-c_event-00105-00007",
    "passage": "김경래]알겠습니다. 잠깐만요. 윤영석 의원님 말씀은 지금 쟁점이 그게 아닌데 왜 메신저를 갑자기 뜬금없이 공격하는 것 아니냐? 이런 취지의 질문도 있었어요. 여기에 대해서는 홍익표 의원님은 어떻게 생각하십니까?\n홍익표]글쎄요, 저는 어떤 맥락에서 나온지는 모르겠지만 사회자께서 저한테 질문하셔서 쿠데타 세력이 뭐냐고는 했을 때 그것에 대한 답변을 드린 것뿐이에요.\n김경래]알겠습니다. 쿠데타 이야기는 넘어가고요. 윤영석 의원님, 이것에 대한 의견을 듣고 싶은데 어제 민주당에서 논평 낼 때 추미애 장관 아들을 안중근 의사에 빚대서 이야기를 한 부분이 있습니다. 위국헌신 군인본분 이것을 실천한 거다, 나중에 삭제를 하긴 했지만. 이건 어떻게 들으셨어요, 윤영석 의원님?\n윤영석]원내 대변인이 그러한 논평을 했다가 사과를 하고 삭제를 했다고 제가 들었습니다. 참 낯뜨거운 그런 일이죠. 그래서 권력자의 아들의 그런 특혜 휴가, 불법 비리를 모면하기 위해서 지금 우리 독립운동의 영웅인 안중근 의사까지 이렇게 참 그런 비교를 하는 것은 이것은 정말 참 부끄러운 일이고요. 있을 수 없는 일이고 독립운동의 어떤 명예에 그야말로 누가 되는 그런 언사라고 생각합니다. 그래서 지금 왜 이렇게 민주당 내 모든 대부분의 의원들이 추미애 장관을 옹호하고 또 대변인들까지 나서서 방어막을 치는가 하면 추미애 장관의 이 사건에 상당히 불법성이 있다고 저는 생각합니다. 그래서 이 사건이 결국은 진행되는 추이에 따라서 지금 1년 6개월밖에 남지 않은 문재인 정권의 레임덕이 본격화될 수 있는 그런 상황이기 때문에 그것을 결사적으로 막는 것이에요. 그런데 이것을 대변인도 국회의원들 다 나서서 국방부 장관까지 지금 나서서 이렇게 하는 것은 앞으로 이 문제가 더 악화되어서 저는 새로운 의혹들 자꾸만 제기되고 해서 결국은 현 문재인 정부와 민주당이 훨씬 더 큰 질곡에 빠질 수밖에 없을 것이라고 저는 생각합니다. 그래서 주식도 손해가 자꾸 나면 손절매를 하지 않습니까? 지금 이 문제는 문재인 정부가 빨리 정리를 해야 됩니다. 정리를 하지 않으면 지난주에 제가 말씀 드린 대로 이번 대정부 질문 4일도 거의 추미애 의혹으로 뒤덮이고 있지 않습니까? 국정을 운영해야 되는데 그런 국정을 한 치도 운영할 수 없이 이렇게 정적에 빠뜨리는 것은 그것 또한 문재인 정부 내의 책임이에요. 그래서 이러한 부분에서 빨리 정리를 하고 추미애 장관을 경질하는 게 맞다고 생각합니다."
  },
  "Annotation": {
    "Summary1": "민주당 의원들의 추미애 장관 옹호는 정권의 레임덕으로 이어지는 걸 막는 것이기에 장관 경질이 옳다.",
    "Summary2": "",
    "Summary3": "윤영석 의원은 추미애 장관 아들을 안중근 의사에 빚대 이야기를 한 것에 관한 의견으로 권력자 아들의 불법 비리의 모면을 위해 독립 영웅인 안중근 의사에 비교하는 것은 낯 뜨거운 일이며 민주당 의원들이 추미애 장관을 옹호하는 것은 정권의 레임덕으로 이어질까 봐 결사적으로 막는 것이므로 이 문제를 문재인 정부가 빨리 정리해야 한다고 한다. 정리하지 않고 국정을 운영할 수 없는 정적에 빠뜨리는 것 또한 문재인 정부 내의 책임이므로 추미애 장관을 경질하는 게 옳다고 생각한다."
  },
  "filename": "SCRIPT-c_event-00105-00007.json"
}