{
  "Meta": {
    "doc_id": "SCRIPT-c_event-00105",
    "doc_category": "SCRIPT",
    "doc_type": "c_event",
    "doc_name": "최경영의 최강시사",
    "author": "KBS",
    "publisher": "KBS",
    "published_year": "2021",
    "doc_origin": "최강시사",
    "passage_id": "SCRIPT-c_event-00105-00011",
    "passage": "김경래]윤영석 의원님 짧게 한 말씀 듣고 다른 이야기 넘어갈게요.\n윤영석]추미애 장관은 부인은 했지만 결국은 보좌관이 여러 차례 전화를, 청탁 전화를 했다는 것이 지금 이미 밝혀졌지 않습니까? 그리고 국방부 민원실에도 전화를 하고 전 방위적으로 전화를 한 거예요, 그러니까. 그래서 그 결과가 지금 아무런 서류도 없이 지금 입증 서류도 없이 휴가가 병가가 19일 사용이 되고 휴가 연장이 4일 간되고 이런 것이 나왔고 특히나 어제 밝혀진 사실은 지금 국방부에 있는 그런 내부의 부대일지라든지 또 면담 복무 기록상 휴가 일지라든지 이런 부분이 다 달라요. 그래서 과연 이게 국방부가 추미애 법무부 장관을 보호하기 위해서 방어하기 위해서 서류들을 허위 조작한 게 아닌가라는 그런 지금 의혹까지 제기가 되고 있습니다. 그래서 정경두 국방부 장관이 계속 국회 본회의에서 추미애 장관을 일방적으로 옹호를 하고 있는 상황인데 정경두 국방부 장관도 지금 이러한 허위사실을 이야기해서 고발이 될 수 있다는 것을 분명히 인식해야 됩니다. 지금 국방부에 문건이 모두 달라요.\n김경래]알겠습니다. 홍익표 의원님, 어떤 부분이요?\n홍익표]그렇게 말씀하시면 곤란한데 대정부 질문에서 국방부 장관의 발언을 가지고 고발할 수 있다. 국민의힘이 고발하는 게 아니라 이건 보수 우익단체 보고 정경두 장관 고발하라고 일종에 암시하는 것 같아서 좀 굉장히 문제가 있다, 이렇게 보고요."
  },
  "Annotation": {
    "Summary1": "추미애 장관은 서류 없이 휴가를 청탁했고, 국방부가 그를 보호 하기 위해 서류 허위 조작한 것이라는 의혹이 제기되었다.",
    "Summary2": "",
    "Summary3": "추미애 장관의 보좌관은 청탁전화, 국방부 민원실에 전화를 하였다. 휴가를 서류 없이 19일 사용 하고 4일 연장 하였고, 내부 부대일지와 면담 복무 기록상 휴가 일지가 모두 다른 것이 밝혀졌다. 국방부가 추 장관을 보호하기 위해 서류 허위 조작한 것이라는 의혹이 제기되었다."
  },
  "filename": "SCRIPT-c_event-00105-00011.json"
}