{
  "Meta": {
    "doc_id": "SCRIPT-c_event-00360",
    "doc_category": "SCRIPT",
    "doc_type": "c_event",
    "doc_name": "최경영의 최강시사",
    "author": "KBS",
    "publisher": "KBS",
    "published_year": "2021",
    "doc_origin": "김경래의 최강시사",
    "passage_id": "SCRIPT-c_event-00360-00002",
    "passage": "김경래]민주당에서요?\n심상정]네, 이따가 또 설명이 있겠지만 준연동제 그 다음에 보정형 그 다음에 복합형 이렇게 세 가지 안 중에 야당이 선택하라 했는데 이제 이것이 그동안에 정치권에서 논의해온 말하자면 정당 의석수를 지역구 비례를 합쳐서 그 정당 지지율에 부합하도록 하는 그 연동형 기준으로 볼 때 매우 미흡한 것 아니냐, 이런 지적이 있습니다.\n김경래]그러면 첫 번째로 아까 말씀하신 의원정수 관련해서요. 특히 지역구 의원을 53석을 줄이는 부분에 있어서 자유한국당 장제원 의원 같은 경우에는 현실적으로 불가능하다, 이렇게 딱 잘라서 얘기를 하더라고요.\n심상정]그러니까 많은 의원님들이 자기 지역구하고 관련이 있기 때문에 과연 그분들이 투표를 해야 되는데 가능하겠냐? 53석은 줄여야 되는 거고 그러면 나머지 200석도 선거구를 재획정해야 하거든요. 그러니까 거의 모든 의원님들에게 다 이해관계가 연계가 되어 있다 보니까 되겠느냐, 이렇게 이야기를 하는데 그런데 자유한국당은 의원정수 확대를 반대해왔잖아요. 그러면 결국은 비례성을 높이기 위해서 비례대표 의석수를 늘려야 되는데 민주당에 대해서 “그게 가능하냐?” 이런 질문을 하실 게 아니라 우리 자유한국당은 몇 석을 줄일 수 있다, 이렇게 안을 내셔야 되는 거라고 저는 봅니다. 그래야 논의가 가능하지 않겠습니까? 그렇지 않고 그러면 의원정수 확대도 반대하고 지역구 축소도 어렵다고 하면 그러면 선거제도 개혁을 뭐로 하냐? 이런 의문이 있는 거거든요."
  },
  "Annotation": {
    "Summary1": "국회의원 정수 관련 지역구 의원석을 줄이는 것은 이해관계와 연계되어 있어 몇 석을 줄일 수 있다고 해야 논의가 가능하다.",
    "Summary2": "",
    "Summary3": "국회의원 의원정수 관련해서 준연동제, 보정형, 복합형 세가지 안 중 그동안 논의해온 연동형 기준으로 볼때 매우 미흡하다는 지적이 있다. 특히 지역구 의원석을 53석 줄이는 것은 의원들의 이해관계와 연계되어 있다보니 자유한국당은 몇 석을 줄일 수 있다고 해야 논의가 가능해 진다."
  },
  "filename": "SCRIPT-c_event-00360-00002.json"
}