{
  "Meta": {
    "doc_id": "SCRIPT-c_event-00161",
    "doc_category": "SCRIPT",
    "doc_type": "c_event",
    "doc_name": "최경영의 최강시사",
    "author": "KBS",
    "publisher": "KBS",
    "published_year": "2021",
    "doc_origin": "최강시사",
    "passage_id": "SCRIPT-c_event-00161-00009",
    "passage": "박주민]제가 최근 유세문에 계속 담고 있는 내용인데요. 사실 뭐 우리 사회에 해결되지 않고 오랫동안 지속되어왔던 여러 문제들이 있습니다. 예를 들어서 교육 문제 관련된 부분도 그렇고요. 복지 수준을 높이자고 이야기했던 부분이라든지 저출생의 문제라든지요. 굉장히 오랫동안 사회에 존재해오면서 많은 사회 구성원 들으 힘들게 만들었지만 제대로 해결되지 않은 굉장히 많은 문제들이 있는데 이런 것들 정말 국민과 대화하면서 획기적으로 한 번 풀어보고 그것을 통해서 좀 새로운 시대로 가자는 이야기예요, 제 이야기는.\n김경래]그것을 박주민이 해야 된다, 그 이유는 뭘까요?\n박주민]다른 두 분도 훌륭하시지만 사실 이런 문제를 해결하려면 굉장히 국민들과 대화와 소통을 많이 해야 되고 또 현장성 있게 움직이면서 문제를 정확히 파악해야 되고 또 당 내에서는 굉장히 활발한 대화와 토론이 이루어져야 되는데 어떤 소통이라든지 교감이라든지 이런 부분에 있어서는 제가 그래도 두 분보다는 나은 점이 있다고 생각을 해서 그렇게 말씀 드리고 있어요.\n김경래]현안들이 많은데 검찰개혁 이야기 하나만 더 여쭤볼게요, 전문가시니까. 지금 추미애 장관 취임하고 나서 쭉 검찰개혁이 진행되고 있는데 너무 일방적인 것 아니냐? 지금 검찰총장 그러니까 개인 윤석열 총장의 힘 빼기로만 가는 것 아니냐? 그리고 정부의 어떤 검찰 장악 이런 쪽으로 진행이 되고 있는 것 아니냐? 청와대 검찰 장악 구체적으로는요. 이런 여러 가지 비판들도 있는 것 같아요. 지금 검찰개혁 진행 상황 총평을 하신다면 어떻습니까?"
  },
  "Annotation": {
    "Summary1": "우리 사회에 해결 안된 복지 수준 문제 등은 국민들과 많은 소통을 하고 현장성 있게 움직이며 문제를 파악하는게 중요하다.",
    "Summary2": "",
    "Summary3": "최근 유세문에 계속 담는 내용이지만 우리 사회에 해결 안된 복지 수준 문제와 저출생 문제 등은 국민들과 대화하면서 풀어가야 한다. 이런 문제의 해결을 위해서는 국민들과 많은 소통을 하는 것과 현장성 있게 움직이며 문제를 정확히 파악하는 것이 중요하고 그런 교감적 부분에 있어 내가 가장 낫다고 생각한다."
  },
  "filename": "SCRIPT-c_event-00161-00009.json"
}