{
  "Meta": {
    "doc_id": "SCRIPT-c_event-00427",
    "doc_category": "SCRIPT",
    "doc_type": "c_event",
    "doc_name": "최경영의 최강시사",
    "author": "KBS",
    "publisher": "KBS",
    "published_year": "2021",
    "doc_origin": "최강시사",
    "passage_id": "SCRIPT-c_event-00427-00001",
    "passage": "최경영]정치 권하는 남자. 권성동의 <정치권법> 여의도 정치의 뜨거운 현안들 관록의 4선 국민의힘 권성동 의원과 야당의 눈으로 들여다보는 시간인데요. 권성동 의원님이 지금 잠깐 늦으시는 것 같습니다. 전화로 연결되면 전화로 연결을 하든지 아니면. 아니면 뭐 조금 기다리든지 그럴게요. 전화 연결되어 있습니까? 의원님 안녕하세요?\n권성동]안녕하세요? 권성동입니다.\n최경영]바로 오시다가 조금 정체가 되나 보죠?\n권성동]비가 와서 그런지 정체가 되네요.\n최경영]차 안이신가 봅니다.\n권성동]그렇습니다.\n최경영]오늘은 뭐 그러면 전화로 연결하실 수밖에 없겠습니다. 그렇죠?\n권성동]아니요. KBS 지금 도착했습니다. 지하주차장에.\n최경영]아, 지하주차장에. 그런데 그러면 어떻게 되나요. 엘리베이터 탈 때 약간 끊길 것 같은데 일단질문부터 드릴게요. 종합지원본부장으로 지금 윤석열 후보 캠프에 들어가셨어요. 화력이 아무래도 강해질 것 같습니다. 의원님 들어가셔서.\n권성동]뭐 저야 캠프 내에 각 조직이나 우리 일원들이 제대로 일을 할 수 있게끔 조율하고 지원하고 서비스하는 그런 자리이기 때문에 우리 조직의 인원들이 좀 영향을 최대한으로 발휘할 수 있도록 그렇게 하려고 합니다.\n최경영]대장동 개발 논란이나 이게 이제 핵심 이슈 지금 말씀하셔야 할 것 같은데 관련해서 지금 일주일 정도되셨는데 그 안에 지금 윤석열 후보 같은 경우는 손에 왕 자 논란 있지 않습니까? 그 관련해서 캠프 관계좌가 또 나와서 손가락 위주로 씻으신 것 같다. 이래서 사람들이 약간 의아해하고 있던데요. 이거는 어떻게 보세요?"
  },
  "Annotation": {
    "Summary1": "권성동 의원은 조직 인원들이 제대로 일할 수 있도록 윤석열 후보 캠프에서 종합 지원 본부장을 맡고 있다.",
    "Summary2": "",
    "Summary3": "여의도 정치의 뜨거운 현안들을 야당의 눈으로 들여다보는 권성동의 <정치권법>에서 관록의 4선 국민의 힘 권성동 의원은 각 조직이나 조직 인원들이 최대한 능력을 발휘할 수 있도록 지원하고, 조직 인원들이 제대로 일을 할 수 있도록 윤석열 후보 캠프에서 종합 지원 본부장을 맡고 있다."
  },
  "filename": "SCRIPT-c_event-00427-00001.json"
}